Date,Close,High,Low,Open,Volume
2024-11-29,207.07000732421875,233.6999969482422,205.0500030517578,220.0,55409608
2024-12-02,222.6699981689453,225.0,208.10000610351562,209.0,20833739
2024-12-03,257.70001220703125,263.79998779296875,223.3000030517578,223.89999389648438,50582911
2024-12-04,259.1700134277344,275.70001220703125,241.75,259.45001220703125,42216033
2024-12-05,252.33999633789062,267.9700012207031,250.0,263.6000061035156,11454832
2024-12-06,251.3000030517578,255.77999877929688,245.10000610351562,252.89999389648438,7370373
2024-12-09,278.3500061035156,284.8299865722656,252.5,252.75,37086510
2024-12-10,288.0,302.4200134277344,280.0799865722656,281.75,40680591
2024-12-11,282.69000244140625,295.8699951171875,280.44000244140625,288.29998779296875,16036417
2024-12-12,269.6199951171875,282.3999938964844,267.3999938964844,281.0,7531554
2024-12-13,294.4100036621094,298.75,264.1099853515625,268.29998779296875,38029446
2024-12-16,329.7099914550781,340.0,303.8399963378906,305.0,69407027
2024-12-17,380.5899963378906,391.6000061035156,341.54998779296875,344.0299987792969,103795543
2024-12-18,342.5299987792969,371.70001220703125,342.5299987792969,371.70001220703125,31587435
2024-12-19,350.42999267578125,369.70001220703125,316.1499938964844,330.0,55127588
2024-12-20,320.9200134277344,359.3999938964844,315.3800048828125,344.0,27479602
2024-12-23,321.8599853515625,338.79998779296875,300.0,324.3500061035156,35161975
2024-12-24,324.67999267578125,331.8999938964844,314.1000061035156,324.45001220703125,16867361
2024-12-26,327.3699951171875,354.6499938964844,314.0299987792969,326.79998779296875,25680870
2024-12-27,319.8599853515625,333.5799865722656,317.25,326.8999938964844,8675365
2024-12-30,301.9100036621094,319.489990234375,298.010009765625,316.1000061035156,11628123
2024-12-31,311.8699951171875,320.8399963378906,293.04998779296875,301.5,24080768
2025-01-01,315.0,319.0,309.0,313.70001220703125,7709842
2025-01-02,316.6000061035156,322.79998779296875,311.6499938964844,317.0,8114592
2025-01-03,325.45001220703125,339.8500061035156,312.25,315.79998779296875,25011530
2025-01-06,305.8999938964844,329.20001220703125,302.54998779296875,328.45001220703125,9669824
2025-01-07,311.0,317.95001220703125,306.0,309.0,6629111
2025-01-08,306.3999938964844,315.8999938964844,304.29998779296875,311.8500061035156,4554130
2025-01-09,294.29998779296875,309.29998779296875,292.3500061035156,306.0,3660748
2025-01-10,285.70001220703125,296.5,281.0,294.25,4979631
2025-01-13,266.45001220703125,290.0,263.04998779296875,281.3999938964844,5261465
2025-01-14,280.1000061035156,282.6499938964844,265.29998779296875,270.75,6513255
2025-01-15,276.70001220703125,286.8999938964844,273.1000061035156,284.0,3968251
2025-01-16,279.5,285.3999938964844,276.95001220703125,282.6499938964844,2628164
2025-01-17,275.95001220703125,280.0,272.6000061035156,278.95001220703125,1954650
2025-01-20,275.8500061035156,279.8500061035156,269.29998779296875,278.0,2450432
2025-01-21,265.1000061035156,282.5,263.95001220703125,277.5,2582460
2025-01-22,257.25,267.0,248.0500030517578,266.0,3848910
2025-01-23,262.45001220703125,272.70001220703125,254.8000030517578,257.6000061035156,4558811
2025-01-24,249.25,263.8999938964844,247.1999969482422,263.0,2363480
2025-01-27,237.0500030517578,245.0,230.14999389648438,243.0,3471158
2025-01-28,240.14999389648438,245.8000030517578,218.5,241.0,6300685
2025-01-29,260.1000061035156,264.1499938964844,241.85000610351562,246.0,3930052
2025-01-30,254.25,268.0,252.64999389648438,264.95001220703125,3718571
2025-01-31,261.1499938964844,266.79998779296875,251.0,254.60000610351562,3175868
2025-02-01,257.45001220703125,271.6000061035156,254.1999969482422,262.8999938964844,3358578
2025-02-03,247.5500030517578,255.75,244.0,252.4499969482422,1736775
2025-02-04,254.3000030517578,257.04998779296875,247.5500030517578,253.8000030517578,1903632
2025-02-05,262.75,266.5,253.39999389648438,254.9499969482422,1994622
2025-02-06,283.3999938964844,289.79998779296875,259.79998779296875,266.0,17221865
2025-02-07,278.8500061035156,296.95001220703125,272.1000061035156,287.79998779296875,18494290
2025-02-10,260.20001220703125,278.79998779296875,257.1499938964844,278.79998779296875,3980959
2025-02-11,245.39999389648438,259.5,242.0500030517578,259.5,3171530
2025-02-12,249.8000030517578,254.64999389648438,228.35000610351562,247.0,6292937
2025-02-13,244.0,255.0,241.5,255.0,3797377
2025-02-14,228.8000030517578,243.64999389648438,227.5,243.64999389648438,3885902
2025-02-17,237.5500030517578,239.3000030517578,221.35000610351562,227.0,6018467
2025-02-18,236.14999389648438,239.0,227.5,238.39999389648438,2857241
2025-02-19,240.5500030517578,249.5,231.1999969482422,234.8000030517578,3679925
2025-02-20,242.5,246.9499969482422,236.0500030517578,239.5,2251781
2025-02-21,234.64999389648438,250.89999389648438,233.0,240.0,2973439
2025-02-24,229.89999389648438,233.4499969482422,226.5500030517578,230.0,1865866
2025-02-25,221.1999969482422,231.8000030517578,216.10000610351562,227.0,5406873
2025-02-27,201.85000610351562,215.0,196.5,215.0,6867281
2025-02-28,206.85000610351562,210.4499969482422,195.10000610351562,195.6999969482422,5509649
2025-03-03,195.89999389648438,209.8800048828125,187.10000610351562,209.8800048828125,6828576
2025-03-04,205.64999389648438,210.4499969482422,189.6699981689453,191.0,7640155
2025-03-05,210.27999877929688,212.6699981689453,203.42999267578125,205.0500030517578,3620555
2025-03-06,207.6199951171875,216.88999938964844,206.14999389648438,214.3800048828125,3085670
2025-03-07,208.22999572753906,216.9600067138672,205.35000610351562,206.0,4454560
2025-03-10,201.97000122070312,211.89999389648438,200.0,208.9499969482422,2704427
2025-03-11,199.94000244140625,203.0,191.3000030517578,196.0,2407805
2025-03-12,198.33999633789062,203.39999389648438,196.02999877929688,200.0500030517578,1978030
2025-03-13,195.36000061035156,201.5,194.5,200.5,1598000
2025-03-17,191.77000427246094,198.19000244140625,191.0,197.0,1812680
2025-03-18,191.77000427246094,191.77000427246094,191.77000427246094,191.77000427246094,0
2025-03-19,210.47999572753906,212.39999389648438,203.3000030517578,203.3000030517578,3675605
2025-03-20,210.47999572753906,215.8000030517578,207.4499969482422,213.72999572753906,2227605
2025-03-21,217.02000427246094,222.8000030517578,209.6999969482422,211.0,3889587
2025-03-24,228.42999267578125,231.89999389648438,220.1699981689453,220.99000549316406,4540256
2025-03-25,221.6199951171875,233.39999389648438,217.61000061035156,229.8000030517578,3172971
2025-03-26,215.99000549316406,225.6999969482422,214.25,222.0,2448090
2025-03-27,225.72000122070312,227.0,212.02000427246094,214.0,3562182
2025-03-28,222.00999450683594,232.1999969482422,220.25,227.0,2029591
2025-04-01,218.6300048828125,224.63999938964844,217.92999267578125,219.0500030517578,1398179
2025-04-02,223.55999755859375,224.8300018310547,215.1300048828125,221.0,1772848
2025-04-03,223.5500030517578,226.49000549316406,218.80999755859375,219.0,1546231
2025-04-04,211.72000122070312,223.97999572753906,209.14999389648438,222.99000549316406,2000725
2025-04-07,200.9499969482422,204.5,182.0,182.0,2748813
2025-04-08,207.72999572753906,212.0,202.4199981689453,210.83999633789062,1231159
2025-04-09,200.6199951171875,207.99000549316406,199.66000366210938,207.0,1118855
2025-04-11,205.41000366210938,208.39999389648438,203.3000030517578,205.14999389648438,1439937
2025-04-15,212.24000549316406,214.9499969482422,208.00999450683594,210.0,1269298
2025-04-16,217.1199951171875,219.3000030517578,212.5,213.0,1387168
2025-04-17,216.99000549316406,218.83999633789062,215.1300048828125,216.10000610351562,945630
2025-04-21,220.00999450683594,221.83999633789062,216.5,216.89999389648438,1231728
2025-04-22,221.30999755859375,225.88999938964844,218.22999572753906,221.0,1630236
2025-04-23,221.97999572753906,225.5,216.61000061035156,222.67999267578125,1472386
2025-04-24,218.80999755859375,224.6999969482422,218.10000610351562,222.0,960017
2025-04-25,208.10000610351562,219.4199981689453,205.2899932861328,218.1999969482422,1738649
2025-04-28,205.69000244140625,208.6300048828125,202.5,204.0,1171996
2025-04-29,205.69000244140625,212.39999389648438,204.60000610351562,206.66000366210938,978465
2025-04-30,197.72999572753906,205.69000244140625,196.0,205.0,1054497
2025-05-02,195.99000549316406,201.4499969482422,195.66000366210938,198.0,942728
2025-05-05,206.1300048828125,211.8000030517578,197.3699951171875,200.0,3077489
2025-05-06,198.13999938964844,208.8000030517578,197.16000366210938,207.7899932861328,1410452
2025-05-07,196.75999450683594,198.89999389648438,191.52000427246094,196.08999633789062,1283297
2025-05-08,193.5800018310547,202.0,191.94000244140625,196.82000732421875,1338733
2025-05-09,192.6999969482422,194.89999389648438,188.0,192.0,1561520
2025-05-12,205.72000122070312,207.32000732421875,199.1999969482422,201.1999969482422,1652781
2025-05-13,209.97999572753906,211.0,204.0500030517578,206.5,1733830
2025-05-14,209.5800018310547,214.61000061035156,208.4499969482422,209.0,1418783
2025-05-15,211.00999450683594,213.0,209.6999969482422,210.0,866900
2025-05-16,215.13999938964844,216.75999450683594,210.72000122070312,211.58999633789062,1695515
2025-05-19,216.8699951171875,222.75,214.69000244140625,216.99000549316406,1876877
2025-05-20,210.41000366210938,218.94000244140625,209.8000030517578,217.99000549316406,890902
2025-05-21,210.22000122070312,215.3000030517578,209.52000427246094,211.6999969482422,870864
2025-05-22,215.10000610351562,219.88999938964844,211.0,211.11000061035156,1739244
2025-05-23,228.02999877929688,236.63999938964844,216.22000122070312,216.2899932861328,11102437
2025-05-26,241.8000030517578,246.89999389648438,227.58999633789062,231.49000549316406,9295863
2025-05-27,252.33999633789062,254.6999969482422,240.1199951171875,244.0,7370964
2025-05-28,251.6199951171875,257.3800048828125,246.86000061035156,254.89999389648438,4986066
2025-05-29,250.67999267578125,268.79998779296875,248.92999267578125,263.0,9927116
2025-05-30,237.92999267578125,253.66000366210938,235.25999450683594,252.0,4671629
2025-06-02,228.00999450683594,235.6999969482422,225.60000610351562,233.0,5207830
2025-06-03,231.27999877929688,237.82000732421875,229.91000366210938,230.0,4233395
2025-06-04,231.38999938964844,234.2899932861328,228.3300018310547,232.5,1958276
2025-06-05,229.11000061035156,234.58999633789062,228.10000610351562,232.6199951171875,2140766
2025-06-06,225.3000030517578,231.39999389648438,224.0,229.47000122070312,2132521
2025-06-09,230.0500030517578,234.0,226.77999877929688,227.3000030517578,2518190
2025-06-10,229.38999938964844,233.0500030517578,228.08999633789062,231.47999572753906,1669957
2025-06-11,228.13999938964844,233.50999450683594,225.99000549316406,230.3800048828125,1419640
2025-06-12,223.02000427246094,229.6999969482422,222.1999969482422,228.7100067138672,1475445
2025-06-13,219.13999938964844,221.57000732421875,215.0,215.0,1465629
2025-06-16,219.58999633789062,220.5,213.0500030517578,218.13999938964844,1383766
2025-06-17,217.52999877929688,222.5800018310547,216.1999969482422,220.0,939026
2025-06-18,216.02999877929688,218.5,213.89999389648438,217.0,841665
2025-06-19,210.94000244140625,218.1300048828125,210.0,215.8000030517578,1843488
2025-06-20,215.14999389648438,216.25,208.32000732421875,210.00999450683594,1330436
2025-06-23,211.42999267578125,213.99000549316406,209.86000061035156,210.0,1155902
2025-06-24,236.3000030517578,243.6999969482422,223.25999450683594,228.0,45742341
2025-06-25,247.2100067138672,252.0,232.75999450683594,236.0,30145075
2025-06-26,235.39999389648438,251.0,233.16000366210938,246.60000610351562,9498313
2025-06-27,237.85000610351562,243.60000610351562,234.0,236.69000244140625,4758043
2025-06-30,236.6300048828125,240.85000610351562,234.41000366210938,238.5,1987176
2025-07-01,243.14999389648438,245.39999389648438,235.00999450683594,237.58999633789062,4506961
2025-07-02,240.35000610351562,244.3699951171875,237.91000366210938,244.0,2165658
2025-07-03,234.10000610351562,239.0,233.0,239.0,1916834
2025-07-04,232.36000061035156,236.47999572753906,231.27000427246094,234.0,1303510
2025-07-07,232.60000610351562,236.3000030517578,230.7100067138672,232.3000030517578,980990
2025-07-08,229.4600067138672,235.5,228.00999450683594,233.02000427246094,1198796
2025-07-09,241.17999267578125,244.39999389648438,229.8000030517578,230.49000549316406,6043351
2025-07-10,245.1999969482422,254.99000549316406,244.14999389648438,249.88999938964844,9643191
2025-07-11,275.6000061035156,283.95001220703125,246.16000366210938,247.19000244140625,81957308
2025-07-14,280.05999755859375,287.989990234375,276.1499938964844,280.0,24832350
2025-07-15,269.6499938964844,281.05999755859375,265.0199890136719,280.8999938964844,8571799
2025-07-16,280.95001220703125,282.92999267578125,267.6000061035156,270.95001220703125,12018848
2025-07-17,277.95001220703125,286.0,276.29998779296875,282.0,6140266
2025-07-18,285.3699951171875,306.3999938964844,275.6099853515625,278.2099914550781,48267691
2025-07-21,283.2799987792969,294.5,281.0,287.8500061035156,13427190
2025-07-22,279.1700134277344,285.70001220703125,277.55999755859375,285.3999938964844,3809221
2025-07-23,277.8999938964844,281.3999938964844,275.5799865722656,280.6000061035156,2896542
2025-07-24,276.010009765625,284.17999267578125,274.9100036621094,278.7900085449219,4357365
2025-07-25,264.8599853515625,286.25,263.5,282.0,8896171
2025-07-28,260.760009765625,271.3299865722656,257.75,264.989990234375,3870908
2025-07-29,257.6499938964844,261.3500061035156,256.0,259.29998779296875,2453972
2025-07-30,256.0,262.70001220703125,253.25,258.79998779296875,2523257
2025-07-31,252.88999938964844,258.8999938964844,248.11000061035156,252.0,2566164
2025-08-01,245.8000030517578,257.70001220703125,245.0,253.4499969482422,2153649
2025-08-04,253.14999389648438,254.0,243.9499969482422,245.8000030517578,2028800
2025-08-05,252.0500030517578,259.0,250.5500030517578,255.10000610351562,2011920
2025-08-06,246.14999389648438,252.6999969482422,243.0500030517578,251.1999969482422,1576345
2025-08-07,260.04998779296875,262.0,247.0500030517578,247.75,7187975
2025-08-08,257.54998779296875,261.79998779296875,255.35000610351562,261.29998779296875,2058097
2025-08-11,244.75,265.0,233.3000030517578,259.95001220703125,6110420
2025-08-12,242.1999969482422,251.60000610351562,240.89999389648438,245.0,3853393
2025-08-13,251.0500030517578,255.0,241.4499969482422,244.9499969482422,3221600
2025-08-14,251.0500030517578,254.5,248.3000030517578,252.8000030517578,1936786
2025-08-18,256.8500061035156,259.79998779296875,253.10000610351562,256.04998779296875,1591181
2025-08-19,259.1499938964844,262.3999938964844,257.0,257.8500061035156,1619270
2025-08-20,255.5500030517578,260.5,254.60000610351562,259.79998779296875,1118831
2025-08-21,259.75,263.3500061035156,254.0,256.0,1710361
2025-08-22,268.25,274.0,260.95001220703125,261.0,8150505
2025-08-25,265.3999938964844,271.0,263.3500061035156,270.3500061035156,1407922
2025-08-26,255.75,264.8999938964844,254.3000030517578,264.8999938964844,1360340
2025-08-28,251.1999969482422,254.0,248.5500030517578,253.14999389648438,1065355
2025-08-29,249.60000610351562,254.6999969482422,248.64999389648438,251.0,1037265
2025-09-01,249.9199981689453,253.69000244140625,247.67999267578125,251.39999389648438,1092584
2025-09-02,252.07000732421875,258.4800109863281,251.1999969482422,252.0,1242943
2025-09-03,252.0,255.58999633789062,251.5,253.0,801435
2025-09-04,247.2100067138672,254.9499969482422,245.9499969482422,253.19000244140625,871519
2025-09-05,244.91000366210938,249.38999938964844,243.02000427246094,247.2100067138672,1087989
2025-09-08,242.5800018310547,248.8000030517578,242.0,245.88999938964844,1200435
2025-09-09,238.8800048828125,245.50999450683594,238.0,244.05999755859375,1053254
2025-09-10,248.67999267578125,254.64999389648438,240.5500030517578,240.5500030517578,2714613
2025-09-11,246.49000549316406,249.6199951171875,245.5,248.6999969482422,651909
2025-09-12,253.6999969482422,255.0,244.8000030517578,247.88999938964844,1771102
2025-09-15,257.2799987792969,262.6600036621094,254.3000030517578,254.64999389648438,2103666
2025-09-16,263.1000061035156,272.0,255.6999969482422,257.5400085449219,4284933
2025-09-17,261.30999755859375,266.19000244140625,260.1099853515625,265.0,1350046
2025-09-18,260.2099914550781,265.5,258.1000061035156,262.20001220703125,1641890
2025-09-19,264.3900146484375,266.5899963378906,258.5,260.5,2056844
2025-09-22,271.5199890136719,276.1000061035156,261.6300048828125,264.8999938964844,5939551
2025-09-23,266.989990234375,272.25,263.5,272.0,1969365
2025-09-24,254.5,266.1700134277344,253.22000122070312,265.0,2007727
2025-09-25,253.16000366210938,258.0199890136719,251.1999969482422,254.0,1066455
2025-09-26,247.1300048828125,253.0,243.3000030517578,253.0,1069615
2025-09-29,243.6699981689453,250.0,241.41000366210938,249.39999389648438,904739
2025-09-30,243.1199951171875,245.97999572753906,241.0,243.8000030517578,685967
2025-10-01,245.5,246.89999389648438,242.00999450683594,244.1199951171875,854748
2025-10-03,254.0399932861328,255.2100067138672,244.77999877929688,246.33999633789062,1431852
2025-10-06,248.88999938964844,254.3000030517578,248.1699981689453,254.0399932861328,673500
2025-10-07,247.5399932861328,251.86000061035156,246.39999389648438,250.0,689466
2025-10-08,246.0,249.42999267578125,243.72999572753906,246.10000610351562,639299
2025-10-09,243.6199951171875,245.89999389648438,242.61000061035156,245.89999389648438,577709
2025-10-10,248.82000732421875,249.47999572753906,243.6999969482422,243.88999938964844,704847
2025-10-13,246.52999877929688,247.9499969482422,244.5500030517578,246.88999938964844,868213
2025-10-14,241.25999450683594,247.82000732421875,238.50999450683594,247.0,1018420
2025-10-15,244.6300048828125,246.25,242.0,242.0,770652
2025-10-16,244.27999877929688,246.66000366210938,242.64999389648438,245.3699951171875,586894
2025-10-17,241.47999572753906,243.69000244140625,239.41000366210938,243.0,684412
2025-10-20,242.5399932861328,243.32000732421875,239.5,242.49000549316406,562920
2025-10-21,245.41000366210938,246.72999572753906,244.0,245.0,241840
2025-10-23,242.57000732421875,246.7899932861328,242.0,245.4600067138672,468258
2025-10-24,244.97999572753906,247.39999389648438,241.35000610351562,242.5,808684
2025-10-27,242.32000732421875,245.69000244140625,241.85000610351562,245.0,500461
2025-10-28,239.9600067138672,244.0,239.5399932861328,242.25,528520
2025-10-29,247.5800018310547,248.6999969482422,239.5,240.89999389648438,1590314
2025-10-30,250.19000244140625,257.6600036621094,248.61000061035156,248.61000061035156,1796837
2025-10-31,253.22999572753906,256.70001220703125,249.0,250.19000244140625,1227939
2025-11-03,251.75,254.5,250.0,254.14999389648438,646888
2025-11-04,251.6999969482422,254.4499969482422,247.5,252.85000610351562,1022131
2025-11-06,238.89999389648438,250.4499969482422,237.0,247.0,1930543
2025-11-07,228.89999389648438,237.64999389648438,227.14999389648438,237.64999389648438,2045009
2025-11-10,229.5,232.35000610351562,226.39999389648438,229.4499969482422,898403
2025-11-11,225.89999389648438,230.85000610351562,225.0500030517578,229.5,779960
2025-11-12,228.6999969482422,231.64999389648438,226.3000030517578,226.5,722947
2025-11-13,227.25,230.89999389648438,227.0,229.14999389648438,609331
2025-11-14,225.75,228.4499969482422,225.1999969482422,226.0,558407
2025-11-17,227.35000610351562,229.1999969482422,225.3000030517578,225.89999389648438,615610
2025-11-18,223.35000610351562,229.10000610351562,222.1999969482422,229.10000610351562,590861
2025-11-19,219.1999969482422,223.89999389648438,218.14999389648438,223.89999389648438,574102
2025-11-20,218.1999969482422,221.5,217.5,219.0,470559
2025-11-21,212.8000030517578,217.64999389648438,212.0,217.5,608830
2025-11-24,208.9499969482422,214.5,207.5,213.0,548461
2025-11-25,212.9499969482422,214.25,207.8000030517578,208.0,643265
2025-11-26,216.35000610351562,217.14999389648438,212.5500030517578,213.8000030517578,502060
2025-11-27,217.25,219.14999389648438,216.0500030517578,216.89999389648438,480460
2025-11-28,217.14999389648438,218.4499969482422,214.10000610351562,215.8000030517578,351237
2025-12-01,219.63999938964844,226.39999389648438,218.0399932861328,220.0,720144
2025-12-02,214.10000610351562,218.99000549316406,213.3000030517578,218.99000549316406,459942
2025-12-03,210.1300048828125,214.89999389648438,209.10000610351562,214.22000122070312,463713
2025-12-04,208.52000427246094,210.0,207.14999389648438,209.0,348920
2025-12-05,202.72999572753906,208.5,202.25,208.5,574631
2025-12-08,195.42999267578125,205.0,193.02000427246094,202.60000610351562,972211
2025-12-09,201.58999633789062,203.89999389648438,191.1199951171875,194.3000030517578,887571
2025-12-10,197.9499969482422,203.39999389648438,197.0500030517578,203.39999389648438,475510
2025-12-11,199.1199951171875,199.8000030517578,196.14999389648438,197.9499969482422,448708
2025-12-12,200.7100067138672,203.22000122070312,198.61000061035156,200.0,446572
2025-12-15,205.9600067138672,207.97000122070312,198.72000122070312,199.0,748281
2025-12-16,201.3000030517578,205.10000610351562,200.27999877929688,205.0,310665
2025-12-17,198.89999389648438,202.60000610351562,198.1199951171875,201.5,363594
2025-12-18,198.83999633789062,200.8000030517578,195.77999877929688,198.25,376504
2025-12-19,201.6199951171875,202.55999755859375,197.94000244140625,199.33999633789062,431301
2025-12-22,205.35000610351562,209.6999969482422,201.64999389648438,201.64999389648438,518018
2025-12-23,207.8300018310547,210.58999633789062,205.52000427246094,208.0,613394
2025-12-24,205.3800048828125,211.38999938964844,204.5500030517578,208.0,371894
2025-12-26,207.02000427246094,213.8000030517578,204.5500030517578,205.5399932861328,909227
2025-12-29,203.44000244140625,208.97999572753906,203.0,207.02000427246094,436965
2025-12-30,203.36000061035156,205.3000030517578,201.4600067138672,203.44000244140625,276188
2025-12-31,205.91000366210938,206.60000610351562,203.5,203.5,316792
2026-01-01,203.47999572753906,206.99000549316406,202.8300018310547,206.0,288522
2026-01-02,206.75,207.7100067138672,202.30999755859375,203.47999572753906,414384
2026-01-05,202.7100067138672,207.9499969482422,201.61000061035156,206.0,466052
2026-01-06,200.86000061035156,203.85000610351562,200.10000610351562,202.7100067138672,303015
2026-01-07,199.80999755859375,201.69000244140625,198.91000366210938,200.10000610351562,261947
2026-01-08,193.88999938964844,200.0,193.2100067138672,199.99000549316406,567757
2026-01-09,189.19000244140625,194.4600067138672,188.30999755859375,193.0,616609
2026-01-12,185.0399932861328,188.0,181.11000061035156,188.0,818699
2026-01-13,189.32000732421875,193.33999633789062,186.0,186.0,944633
2026-01-14,187.16000366210938,190.5,186.5399932861328,190.5,318702
2026-01-15,187.16000366210938,187.16000366210938,187.16000366210938,187.16000366210938,0
2026-01-16,186.97000122070312,189.13999938964844,186.33999633789062,187.7899932861328,290869
2026-01-19,182.6699981689453,186.50999450683594,182.0,186.2100067138672,383903
2026-01-20,173.83999633789062,183.9600067138672,172.00999450683594,183.9499969482422,857662
2026-01-21,167.7899932861328,175.3699951171875,166.27999877929688,172.00999450683594,967228
2026-01-22,175.86000061035156,178.99000549316406,168.63999938964844,172.0,829760
2026-01-23,170.75,177.66000366210938,169.0,177.60000610351562,423745
2026-01-27,166.7100067138672,171.80999755859375,163.2100067138672,171.7899932861328,745363
2026-01-28,177.6999969482422,180.0,167.0,167.39999389648438,673449
2026-01-29,176.77999877929688,179.8000030517578,173.91000366210938,179.8000030517578,742369
2026-01-30,180.47999572753906,182.1999969482422,172.5,175.0,432249
2026-02-02,172.58999633789062,175.0,166.1999969482422,171.9499969482422,638563
2026-02-03,180.97000122070312,181.99000549316406,176.00999450683594,181.10000610351562,774752
2026-02-04,182.97000122070312,184.32000732421875,177.57000732421875,180.5,545186
2026-02-05,179.66000366210938,184.77000427246094,178.35000610351562,184.77000427246094,326872
2026-02-06,181.1699981689453,184.5,177.25,179.64999389648438,607428
2026-02-09,177.6699981689453,194.5800018310547,171.8000030517578,181.77000427246094,2991463
2026-02-10,174.27999877929688,182.38999938964844,172.3000030517578,177.50999450683594,1529425
2026-02-11,172.77999877929688,175.8000030517578,172.00999450683594,174.4499969482422,710816
2026-02-12,169.52000427246094,173.99000549316406,168.5,173.99000549316406,429396
2026-02-13,167.00999450683594,169.7899932861328,165.0,169.52000427246094,729175
2026-02-16,160.77999877929688,167.0,159.0,166.0,1135892
2026-02-17,163.17999267578125,165.58999633789062,160.6999969482422,160.77999877929688,691077
2026-02-18,165.55999755859375,167.08999633789062,163.0,163.64999389648438,491127
2026-02-19,162.30999755859375,166.89999389648438,161.1999969482422,166.89999389648438,324495
2026-02-20,160.92999267578125,164.3000030517578,160.10000610351562,161.25999450683594,528711
2026-02-23,163.47999572753906,166.89999389648438,161.13999938964844,163.0,651008
2026-02-24,160.41000366210938,164.0,159.0500030517578,164.0,501172
2026-02-25,158.97999572753906,162.49000549316406,158.0,161.69000244140625,330500
2026-02-26,160.07000732421875,163.5,159.25,160.08999633789062,484815
2026-02-27,158.0500030517578,160.5500030517578,157.60000610351562,159.89999389648438,360412
2026-03-02,152.58999633789062,154.89999389648438,150.0,150.0,797492
2026-03-04,143.58999633789062,149.6199951171875,142.6999969482422,149.3300018310547,1002106
2026-03-05,144.32000732421875,146.92999267578125,141.10000610351562,145.10000610351562,740561
2026-03-06,140.97999572753906,147.99000549316406,140.5,142.5800018310547,739275
2026-03-09,137.13999938964844,140.0,134.7100067138672,140.0,674492
2026-03-10,141.5500030517578,142.3000030517578,137.27999877929688,138.50999450683594,822258
2026-03-11,153.0800018310547,165.0,150.30999755859375,155.0,14968247
2026-03-12,159.97999572753906,170.0,151.74000549316406,156.27999877929688,24106180
2026-03-13,152.0399932861328,159.0,151.00999450683594,157.60000610351562,1693883
2026-03-16,145.25999450683594,152.0500030517578,142.72000122070312,152.0399932861328,1265292
2026-03-17,145.97999572753906,147.4199981689453,144.1300048828125,146.4199981689453,652077
2026-03-18,152.69000244140625,153.97000122070312,146.5,146.5,1270441
2026-03-19,145.8800048828125,150.0,145.30999755859375,150.0,959595
2026-03-20,147.86000061035156,153.1999969482422,147.07000732421875,147.9499969482422,951340
2026-03-23,141.8800048828125,146.00999450683594,139.3800048828125,146.0,1226439
2026-03-24,145.30999755859375,146.89999389648438,141.2100067138672,146.0,997398
2026-03-25,146.69000244140625,152.69000244140625,145.5500030517578,146.39999389648438,1167466
2026-03-27,138.0,146.5,137.39999389648438,146.0,1619393
2026-03-30,140.38999938964844,146.89999389648438,139.0,143.1300048828125,5841937
2026-04-01,163.57000732421875,166.8000030517578,146.16000366210938,147.0,25012765
2026-04-02,168.1199951171875,169.38999938964844,155.47000122070312,155.47000122070312,8678727
2026-04-06,167.0500030517578,171.58999633789062,163.41000366210938,168.25,2103249
2026-04-07,165.0399932861328,169.6999969482422,164.0,166.0,1099621
2026-04-08,171.0800018310547,173.9499969482422,169.1999969482422,173.0,1598120
2026-04-09,171.00999450683594,177.5,168.5800018310547,171.0,1342133
2026-04-10,173.14999389648438,175.1999969482422,171.61000061035156,171.89999389648438,925222
2026-04-13,199.1699981689453,203.5,185.30999755859375,190.0,85659777
2026-04-15,213.63999938964844,222.6999969482422,200.74000549316406,201.2899932861328,72027349
2026-04-16,217.1300048828125,224.7899932861328,213.66000366210938,219.32000732421875,19042123
2026-04-17,213.0399932861328,219.47000122070312,211.5399932861328,218.41000366210938,3288048
2026-04-20,206.24000549316406,214.69000244140625,201.10000610351562,214.69000244140625,2041545
2026-04-21,208.8800048828125,217.0,206.0,206.0,2607675
2026-04-22,212.19000244140625,213.8300018310547,206.4199981689453,208.8800048828125,2048116
2026-04-23,212.0399932861328,216.25999450683594,210.5,212.1999969482422,2029003
2026-04-24,206.61000061035156,214.42999267578125,204.3000030517578,212.64999389648438,1190476
2026-04-27,209.4600067138672,211.7899932861328,206.85000610351562,207.5,1202283
2026-04-28,216.77999877929688,219.88999938964844,209.64999389648438,209.64999389648438,3697274
2026-04-29,219.8800048828125,227.0,216.0,219.9499969482422,5316518
2026-04-30,211.94000244140625,218.1999969482422,208.22999572753906,218.1999969482422,2045173
2026-05-01,211.94000244140625,211.94000244140625,211.94000244140625,211.94000244140625,0
2026-05-04,213.52999877929688,217.5,211.11000061035156,215.0,1303202
2026-05-05,211.50999450683594,214.88999938964844,210.52999877929688,213.1999969482422,995229
2026-05-06,211.38999938964844,214.85000610351562,206.58999633789062,212.5399932861328,1206221
2026-05-07,219.3300018310547,221.47999572753906,213.5,213.5500030517578,3152310
2026-05-08,217.17999267578125,221.66000366210938,215.3000030517578,220.0,1155978
2026-05-11,219.1699981689453,225.88999938964844,212.75999450683594,217.08999633789062,3222531
2026-05-12,203.02999877929688,218.2899932861328,200.11000061035156,218.2899932861328,2276157
2026-05-13,205.44000244140625,207.89999389648438,203.13999938964844,204.10000610351562,1075790
2026-05-14,198.6300048828125,207.9499969482422,193.8000030517578,207.0,1558379
2026-05-15,193.3000030517578,201.0,192.5,198.60000610351562,918398
2026-05-18,187.07000732421875,191.99000549316406,184.47999572753906,191.99000549316406,1047859
2026-05-19,189.52999877929688,191.5,185.33999633789062,187.39999389648438,1100632
2026-05-20,188.25999450683594,188.94000244140625,185.50999450683594,187.5500030517578,674570
2026-05-21,187.1699981689453,194.5399932861328,186.10000610351562,189.4499969482422,1111115
2026-05-22,186.9600067138672,189.0,185.60000610351562,189.0,758689
2026-05-25,209.69000244140625,213.49000549316406,189.89999389648438,190.0500030517578,18772998
2026-05-26,207.32000732421875,212.69000244140625,206.0,212.16000366210938,2448523
2026-05-27,206.0,209.08999633789062,203.50999450683594,207.30999755859375,1620398
2026-05-28,206.0,206.0,206.0,206.0,0
2026-05-29,190.02000427246094,200.0,189.0,200.0,3232987
2026-06-01,185.25,192.0500030517578,183.72000122070312,192.0,1353053
2026-06-02,187.5399932861328,188.0,180.39999389648438,184.3000030517578,912859
2026-06-03,183.42999267578125,187.8699951171875,181.5800018310547,187.2100067138672,741939
2026-06-04,185.69000244140625,188.0,182.3800048828125,183.42999267578125,765670
2026-06-05,184.69000244140625,188.41000366210938,183.47999572753906,186.0,596964
2026-06-08,180.47999572753906,183.89999389648438,179.39999389648438,182.5,596368
2026-06-09,184.5500030517578,185.88999938964844,180.41000366210938,180.41000366210938,831529
2026-06-10,181.2100067138672,187.6999969482422,180.0,185.14999389648438,493908
2026-06-11,177.1999969482422,179.92999267578125,175.5,179.5500030517578,574508
2026-06-12,185.5399932861328,187.0,179.0,179.0,695272
